<?xml version="1.0" encoding="UTF-8"?>
<project-private xmlns="http://www.netbeans.org/ns/project-private/1">
    <editor-bookmarks xmlns="http://www.netbeans.org/ns/editor-bookmarks/2" lastBookmarkId="0"/>
    <open-files xmlns="http://www.netbeans.org/ns/projectui-open-files/2">
        <group>
            <file>file:/C:/Users/Janeeta%20Zahid/Desktop/school/Third%20Year/First%20Sem/COE528/Labs/lab%203/Ex1/src/coe528/lab3/OdometerDriver.java</file>
            <file>file:/C:/Users/Janeeta%20Zahid/Desktop/school/Third%20Year/First%20Sem/COE528/Labs/lab%203/Ex1/src/coe528/lab3/AbstractCounter.java</file>
            <file>file:/C:/Users/Janeeta%20Zahid/Desktop/school/Third%20Year/First%20Sem/COE528/Labs/lab%203/Ex1/src/coe528/lab3/DigitCounter.java</file>
            <file>file:/C:/Users/Janeeta%20Zahid/Desktop/school/Third%20Year/First%20Sem/COE528/Labs/lab%203/Ex1/src/coe528/lab3/Counter.java</file>
            <file>file:/C:/Users/Janeeta%20Zahid/Desktop/school/Third%20Year/First%20Sem/COE528/Labs/lab%203/Ex1/src/coe528/lab3/LinkedDigitCounter.java</file>
            <file>file:/C:/Users/Janeeta%20Zahid/Desktop/school/Third%20Year/First%20Sem/COE528/Labs/lab%203/Ex1/src/coe528/lab3/Odometer.java</file>
        </group>
    </open-files>
</project-private>
